<?xml version="1.0" encoding="UTF-8"?>
<project-private xmlns="http://www.netbeans.org/ns/project-private/1">
    <editor-bookmarks xmlns="http://www.netbeans.org/ns/editor-bookmarks/2" lastBookmarkId="0"/>
    <open-files xmlns="http://www.netbeans.org/ns/projectui-open-files/2">
        <group>
            <file>file:/D:/Ricardo/UFR0/Semestre%202/Proyectos%20java/Curso%20Interfaces%20Graficas/241-250_Calculadora/src/ventana/Ventanasdfa.java</file>
            <file>file:/D:/Ricardo/UFR0/Semestre%202/Proyectos%20java/Curso%20Interfaces%20Graficas/241-250_Calculadora/src/ventana/ventanaCalculadora.java</file>
        </group>
    </open-files>
</project-private>
